index,issue,volume,year,month
239,1,1,1966,sep
240,2,1,1966,nov
241,3,1,1967,jan
242,4,1,1967,mar
243,5,1,1967,may
244,1,2,1967,sep
245,2,2,1967,nov
246,3,2,1968,jan
247,4,2,1968,mar
248,5,2,1968,may
249,1,3,1968,sep
250,2,3,1968,nov
251,3,3,1969,jan
252,4,3,1969,mar
253,5,3,1969,may
254,1,4,1969,sep
255,2,4,1969,nov
256,3,4,1970,jan
257,4,4,1970,mar
258,5,4,1970,may
259,1,5,1970,sep
260,2,5,1970,nov
261,3,5,1971,jan
262,4,5,1971,mar
263,5,5,1971,may
264,1,6,1971,sep
265,2,6,1971,nov
266,3,6,1972,jan
267,4,6,1972,mar
268,5,6,1972,may
269,1,7,1972,sep
270,2,7,1972,nov
271,3,7,1973,jan
272,4,7,1973,mar
273,5,7,1973,may
274,6,7,1973,sep
275,1,8,1974,jan
276,2,8,1974,mar
277,3,8,1974,may
278,4,8,1974,jul
279,5-6,8,1974,sep
280,1,9,1975,jan
281,2,9,1975,mar
282,3,9,1975,may
283,4,9,1975,jul
284,5,9,1975,sep
285,6,9,1975,nov
286,1,10,1976,jan
287,2,10,1976,mar
288,3,10,1976,may
289,4,10,1976,jul
290,5,10,1976,sep
291,6,10,1976,nov
292,1,11,1977,jan
293,2,11,1977,mar
294,3,11,1977,may
295,4,11,1977,jul
296,5,11,1977,sep
297,6,11,1977,nov
298,1-2,12,1978,mar
299,3,12,1978,sep
300,4,12,1978,dec
301,1,13,1979,jan
302,2,13,1979,apr
303,3,13,1979,jul
304,4,13,1979,oct
305,1,14,1980,jun
306,2,14,1980,oct
307,3,14,1980,nov
308,4,14,1980,dec
309,1,15,1981,jun
310,2,15,1981,aug
311,3,15,1981,nov
312,4,15,1981,dec
313,1,16,1982,mar
314,2,16,1982,jun
315,3,16,1982,sep
316,4,16,1982,dec
317,1,17,1983,mar
318,2,17,1983,jun
319,3,17,1983,sep
320,4,17,1983,dec
321,1,18,1984,jan
322,2,18,1984,apr
323,3-4,18,1984,jul
324,1,19,1985,jan
325,2,19,1985,apr
326,3,19,1985,jul
327,4,19,1985,oct
328,1,20,1986,jan
329,2,20,1986,apr
330,3,20,1986,jul
331,4,20,1986,oct
332,1,21,1987,mar
333,2,21,1987,jun
334,3,21,1987,jul
335,4,21,1987,dec
336,1,22,1988,mar
337,2,22,1988,jun
338,3,22,1988,sep
339,4,22,1988,dec
340,1,23,1989,jan
341,2,23,1989,apr
342,3,23,1989,jun
343,4-5,23,1989,aug
344,6,23,1989,dec
345,1-2,24,1990,feb
346,3,24,1990,jun
347,4,24,1990,aug
348,5-6,24,1990,dec
349,1,25,1991,feb
350,2-3,25,1991,apr
351,4,25,1991,aug
352,5,25,1991,oct
353,6,25,1991,dec
354,1,26,1992,feb
355,2,26,1992,apr
356,3,26,1992,jun
357,4,26,1992,aug
358,5-6,26,1992,dec
359,1,27,1993,jan
360,2,27,1993,mar
361,3,27,1993,may
362,4,27,1993,jul
363,5-6,27,1993,sep
364,1,28,1994,jan
365,2,28,1994,apr
366,3,28,1994,may
367,4-5,28,1994,jul
368,6,28,1994,nov
369,1,29,1995,jan
370,2,29,1995,mar
371,3,29,1995,may
372,4,29,1995,jul
373,5,29,1995,oct
374,6,29,1995,dec
375,1,30,1996,jan
376,2,30,1996,mar
377,3,30,1996,may
378,4,30,1996,jul
379,5,30,1996,sep
380,6,30,1996,nov
381,1,31,1997,jan
382,2,31,1997,mar
383,3,31,1997,may
384,4,31,1997,jul
385,5,31,1997,sep
386,6,31,1997,nov
387,1,32,1998,jan
388,2-3,32,1998,mar
389,4,32,1998,jul
390,5,32,1998,sep
391,6,32,1998,nov
392,1-2,33,1999,apr
393,3,33,1999,may
394,4,33,1999,dec
395,1-2,34,2000,apr
396,3,34,2000,aug
397,4,34,2000,dec
398,1,35,2001,feb
399,2,35,2001,may
400,3,35,2001,aug
401,4,35,2001,nov
402,1,36,2002,feb
403,2,36,2002,may
404,3,36,2002,aug
405,4,36,2002,nov
406,1,37,2003,feb
407,2,37,2003,may
408,3,37,2003,aug
409,4,37,2003,nov
410,1,38,2004,feb
411,2,38,2004,may
412,3,38,2004,aug
413,4,38,2004,nov
