"","October.2014","November.2014","December.2014","January.2015","February.2015","March.2015","totals"
"people",0.0253716294135777,0.0274782966506724,0.0237684538608867,0.0228722701863159,0.0209995895108715,0.0212788584329604,0.0238762711834725
"just",0.0197419940386893,0.0182734397355159,0.0181254929018633,0.0175726745100012,0.0181374783038718,0.0196701519793932,0.0185380740647341
"like",0.0149750546158656,0.0162928834770764,0.0163760630410549,0.0179999496953424,0.0168421750105854,0.0190599680089261,0.0168475408754697
"games",0.00993393028083202,0.0106669212814613,0.0128737044597166,0.00958712452289176,0.0126237527756499,0.0137853634299313,0.0114092310350605
"game",0.00903721634958508,0.00993736712536744,0.0116676475136753,0.0088328690632644,0.0148139708520397,0.0132475298445338,0.0110144425005648
"women",0.00995332052896597,0.00868133973102272,0.00914461976841747,0.0105394545717502,0.0118419649177244,0.00996343254634129,0.00995027053784757
"ethics",0.00918247312069375,0.00795917571022156,0.00808831401846138,0.0117706610660815,0.00836735221583325,0.00848112134379944,0.00902719038170675
"want",0.00839835870054041,0.00907952022059258,0.00977546417622497,0.00801730480220837,0.00895035990523196,0.00873086092599776,0.00881616560687281
"know",0.00944475174018972,0.007860739108123,0.0098482404584346,0.00904729266620973,0.00833705036087489,0.00795200467226583,0.00876549631100674
"gamers",0.00920390444757863,0.00742412991503118,0.00816563881830911,0.00783495041847187,0.0102194015908878,0.00735097346135574,0.00832359934129915
"think",0.00886508537492235,0.00798696261892206,0.00851517490449862,0.00812860385710962,0.00799888165953967,0.00763601654470251,0.008206791436889
"good",0.00835685676593793,0.00804933536079232,0.0082643066624587,0.008159101055769,0.00763323927637554,0.00769747078744241,0.00805110593910695
"support",0.0080792700558099,0.00773303757026541,0.0065645606096973,0.00893253516609969,0.00505394538232052,0.00733702639917364,0.0073800880174704
"gaming",0.00693456505632357,0.00616514646656939,0.00634588187709625,0.00686690016411895,0.00932569888198276,0.00952671516176413,0.00736450195526275
"media",0.0107394760278703,0.0060575460967079,0.00591167338564362,0.00741081927422955,0.00839522992239493,0.00498258796455703,0.00728166816397938
"video",0.00682978968044191,0.00617519705056744,0.00756488460410752,0.00812954706943929,0.0075512222556216,0.00631453240294806,0.00709971402202713
"journalism",0.0087344563348621,0.00626772154443186,0.00610341089838822,0.00741081927422955,0.00725022382970196,0.00612799044626241,0.00699907592747286
"time",0.00626509122601477,0.00706171768027792,0.00697217776726565,0.00705680024649282,0.00727002104160808,0.00735925452952637,0.00697911175790351
"actually",0.00498499466938266,0.00577051324194002,0.0076271643071523,0.00689551093811898,0.00797908444763355,0.00808624514576859,0.0067836146705124
"new",0.0061154121176124,0.00657692480507779,0.00667267537509526,0.00845998578893423,0.00562523635446868,0.00621864635044609,0.00667783959665373
"harassment",0.00910219068982339,0.00801415831679914,0.00426056148301269,0.00584885965629343,0.00590158927168886,0.00586212457341603,0.0065791278693386
"right",0.00699409651989269,0.00651218721991387,0.00606317401158962,0.00630537442385447,0.00573028278499097,0.00769267648481732,0.00652670733052784
"make",0.00561160584592169,0.00701146476028766,0.00621607418142427,0.00570486257396357,0.00685549166577781,0.00715484289941989,0.00639262049573018
"remember",0.00548778040169791,0.00579002319911271,0.00692494316102382,0.00574007583427131,0.00531050108763458,0.00560105300319475,0.00582364166300365
"hey",0.00495880082541225,0.00573444938171172,0.00538754419934543,0.00630820406084348,0.00595936480847612,0.0066531845065573,0.00580554548590862
"say",0.00621610533599218,0.00688583246031202,0.00495263593594847,0.00483522080600638,0.00547857537647025,0.00575882914412981,0.00571337173225363
"going",0.00601131710131439,0.00637709554676359,0.00596030753577409,0.00508454326514956,0.00512626580948779,0.00527634796176762,0.00567665400518018
"stop",0.00656887178011323,0.00567532829937024,0.0056908953372096,0.0050068854500066,0.00464911260007693,0.00655076076865746,0.00567612863229677
"hate",0.00533299859641818,0.00543943518082774,0.00612790291643953,0.0048543994567097,0.00585957069947994,0.00590963175397382,0.00555108988604662
"really",0.00586708086958119,0.00578706714499564,0.00567305115262936,0.00531248624482019,0.00537958931693963,0.00506104018933137,0.00553754694060776
"gg",0.00433150928928958,0.00611784960069621,0.00467447658807994,0.00569134319723827,0.00539777042991464,0.00522317478719834,0.00526744690377329
"got",0.00579734401225736,0.00434894681703917,0.00507299671037209,0.00442743867547837,0.0058676511941355,0.00467444505947115,0.00499588749781824
"shit",0.00417706766380167,0.00515210672064816,0.00507229693842777,0.00444315888097289,0.00574240352697431,0.00459817206316276,0.00485094295676356
"need",0.00469618202612445,0.00518698815922963,0.005289226241168,0.0047515893127755,0.00422407858119443,0.00466398476283457,0.00482981129189776
"look",0.00499383934397008,0.00451478145300702,0.00423327037718408,0.00534612748457848,0.00530201656824624,0.00425123889138289,0.00478281960621551
"anti",0.00367768372940466,0.00502943047478959,0.00728882457207196,0.00486697562110532,0.00375419781697356,0.00350637860171985,0.00475602558916191
"oh",0.00382362086009698,0.0041582813264879,0.00584204607718345,0.00537631027912797,0.00457275192558188,0.00435322678358954,0.00469391483939059
"sjws",0.00226491705396136,0.00435663255774356,0.00670591454245062,0.00475284692921506,0.00397317922213926,0.00524148030631235,0.00452632088958472
"gawker",0.00774317242148821,0.00615243543386597,0.00490085281206855,0.0013006898026171,0.00426892532653279,0.00143044556505215,0.00441120585335442
"twitter",0.00408521912000931,0.00629284800442699,0.00395021262570528,0.00322358533870755,0.0039909563103815,0.00472064470294937,0.00441015510758761
"fucking",0.00395595079911635,0.00411364490932008,0.00505795161356914,0.0042538876068188,0.00484062032341372,0.00393481491812639,0.00435125496988154
"love",0.0047662590632401,0.00542642854271262,0.00455201649782336,0.00330910325659777,0.00396429067801815,0.00365848874864343,0.00432609544624297
"real",0.00446554012726806,0.00434569515751039,0.00435887944119012,0.00369707792820268,0.00482567140830093,0.00370904684905356,0.00423211207487848
"anita",0.0050605145831675,0.0023148859790806,0.00427910543953725,0.00583062421791978,0.00469759556801029,0.00232872353871835,0.00411261893128648
"industry",0.00314122019769889,0.00408526678979617,0.00343692990454411,0.00386937138042269,0.00430609560194837,0.0054332524113163,0.00398746343550668
"fuck",0.00358413428665318,0.00411985262296594,0.00392921946737558,0.00371531336657633,0.00377318697941413,0.00404334049573089,0.00386067344631185
"guys",0.00429340915260534,0.00408142391944398,0.00380745914906332,0.00368575938024662,0.00383136654093417,0.00310365718121156,0.00383154443866534
"day",0.00336267724217603,0.00460316747110753,0.00366785464617081,0.0034971169143123,0.00353158018921286,0.00409607782460698,0.00380615141596748
"trying",0.00397772230579306,0.00395283556535126,0.00361992026798466,0.00354993680477391,0.00401560181908096,0.00353993872009554,0.00378052489421033
"article",0.00401684298185277,0.0031748021217374,0.0036615566986719,0.00405204016826908,0.00439417299369398,0.00308709504487031,0.00372781248157546
"let",0.00360114327624436,0.00318426149491204,0.00423711912287785,0.00311857436600411,0.00321967309550821,0.00448310880016039,0.00359833725319879
"read",0.00416312029233691,0.00324692984219401,0.00368080042714079,0.00303525727688312,0.00392590832840423,0.00320651676480459,0.00352992202882663
"sjw",0.00209754859638416,0.00322771549043303,0.0044229085740957,0.00387848909960951,0.00383217459039973,0.00368681871870083,0.00350283613794891
"wu",0.00327116887817549,0.00135032552067937,0.00338164792094256,0.00286139180411366,0.00645914340292255,0.00464742262649332,0.00347913598343091
"said",0.00337832551259992,0.00333974994147013,0.0029495387453229,0.00308273229747659,0.00357117461302511,0.0037874990738279,0.00332695297153822
"bad",0.00377497514986621,0.00305685556246615,0.00304820658947249,0.00333174035250989,0.0041711513412005,0.00250872781000615,0.00331726276057765
"gamer",0.00372394818109267,0.00270981480912167,0.00290685265671918,0.00413630046971974,0.00332148732816828,0.00247255261747131,0.00323816495424294
"news",0.00306161812641217,0.00284431527144854,0.00316611816209097,0.00508548647747923,0.0030414981883531,0.00174294692706994,0.0032323858525255
"way",0.00305855650828576,0.00322741988502132,0.00317556508333934,0.00312360483176236,0.0037626823363619,0.00300472020885726,0.00321802566037912
"help",0.0026738131637333,0.00316002185115203,0.00288795881422245,0.00359772622947727,0.00387257706367753,0.00285784021025196,0.00317494508393999
"white",0.00313407642207059,0.00293802218695978,0.00285157067311763,0.00301199137275122,0.00335623345518719,0.00393525076381958,0.00316496299915532
"devs",0.00154815823258909,0.00388868919101076,0.0026482869232917,0.00130194741905666,0.00391055538855867,0.00596847092255458,0.00308154546022373
"use",0.00307964765537882,0.00323096714996181,0.00310138925724107,0.00301199137275122,0.00253929544550999,0.003385649344706,0.00306350765789352
"link",0.0010331260277682,0.00298295420953931,0.00474725287028957,0.00395929095585137,0.00262696881252283,0.00200401849729122,0.00294144602464933
"tell",0.00311060401643477,0.00289841106179099,0.00285262033103412,0.00269381441354201,0.00313401985215927,0.00263425136964509,0.00288785799054212
"getting",0.00323783125857678,0.00295960138201442,0.0026391898880155,0.00281454559173998,0.0032180569965771,0.00238058917620806,0.00288674887001049
"show",0.0038773692672051,0.00299921250718321,0.00297752962309583,0.00199457967314549,0.00310129384880425,0.00233918383535493,0.00288610674759744
"man",0.00262414691412705,0.0032906794431267,0.00279733834743257,0.00265419949569581,0.00260030318015948,0.00325620317382834,0.00287145468162695
"doing",0.00320891597627178,0.00294807277095783,0.00289775562144297,0.00274537668756406,0.0029716019095825,0.00219666229368155,0.00284956414481845
"person",0.00264761931976288,0.00289722864014416,0.00262099581746309,0.00277807471499267,0.00302170097644697,0.0031821094059859,0.00284232567398044
"group",0.0027156552781276,0.002750903961349,0.00301181844836768,0.00297331966723469,0.00265121029648951,0.00288399095184341,0.00283310246113846
"reminder",0.00226763849229595,0.00278903705945926,0.00401529141652735,0.00307047053719086,0.00242899669346159,0.00201404294823461,0.00280058771713223
"lol",0.00194650876881449,0.00210116326641615,0.00285052101520115,0.0033578358936308,0.00357844705821512,0.00310845148383666,0.00278132404474075
"things",0.00254352430346487,0.00280145248675097,0.00299327449184311,0.00264319535184964,0.00245404622689383,0.00327363700155597,0.00277285970384147
"corruption",0.0031731970981303,0.00356973095177848,0.00214060237768511,0.00244103350919003,0.00297079386011694,0.00179176164470731,0.00272902025545965
"sure",0.00270715078333201,0.00262349802890311,0.00250168470095596,0.00316101892083933,0.00283988984669686,0.00245468294405049,0.00272598476768887
"today",0.00280410202400173,0.0028466801147422,0.0024383553399947,0.00236997818035477,0.00256232485527834,0.00344536020467314,0.00272184015938646
"journalists",0.00383076463572527,0.00249195362069332,0.00182465534482312,0.00232501839264043,0.00411579995280991,0.00170372081468277,0.00270841396347724
"thanks",0.00259114947432017,0.00292205949472758,0.00285297021700628,0.00251114562569562,0.00260232330382337,0.00265822288277058,0.00269592176380519
"tweets",0.00416346047212873,0.00214639089440738,0.00181765762537989,0.00206500619376097,0.00323179383749156,0.00293498489794673,0.00268500568278336
"great",0.00265068093788929,0.00269710377641826,0.00305660385280437,0.00258691701617924,0.00268434032457731,0.0023784099477421,0.00268413006131102
"work",0.00196725973611573,0.00293565734366612,0.00347576724745405,0.00293118951650936,0.00246414684521328,0.00209903285840681,0.00267858445865286
"saying",0.00260577720536858,0.00310740408786812,0.00272176297744565,0.002349227509102,0.00251020566474997,0.00268437362436203,0.002673272355054
"woman",0.00286363348757085,0.0025028910209265,0.00244605283138225,0.00198200350874987,0.00328633717641659,0.0031821094059859,0.00266276489738592
"social",0.00171654722954176,0.00227350122144156,0.00313497831056859,0.002797253365696,0.00283423350043796,0.00307750643962012,0.0026076007446285
"believe",0.00269660520978548,0.00253629443244943,0.00267732745898112,0.00263627846143205,0.00305725515293144,0.00186280449269741,0.00259096393665404
"talk",0.00314326127644983,0.002671090500188,0.0019124767238357,0.00218416535140947,0.00286978767692243,0.00283430454281966,0.00258571020782
"gamergate",0.00407229228792001,0.00226611108614888,0.001891483565506,0.00302896919468531,0.00228435583912705,0.00164749672026116,0.00257496925109263
"threats",0.00430429490594369,0.00219693941980935,0.00240301685680637,0.00217787726921166,0.0018435648556662,0.00242199451706118,0.00256848965219731
"dead",0.00392091228055852,0.00251116797245431,0.00242750887485768,0.00214329281712371,0.00200477072404464,0.00223545256037552,0.0025607258084759
"come",0.0029898401903374,0.00278076010793145,0.00259615391343961,0.002007470241651,0.00243465303972048,0.00253531439729078,0.00255938318888498
"thank",0.00359638075915883,0.0024150962136494,0.00254542044747617,0.00189428476209041,0.00297847033003972,0.00188416093166375,0.00255313708904895
"better",0.00235268344025184,0.00241716545153135,0.0026063006066323,0.00267903742037716,0.00273363134197623,0.00250306181599467,0.00254350525285321
"here's",0.00262448709391888,0.00259571112020262,0.00246249747207385,0.00268186705736617,0.00239223044277878,0.002430711430925,0.00254292150520499
"wrong",0.00234145750712166,0.00237991916965622,0.0025405220438659,0.00277084342046519,0.00285120253921464,0.00239148531853783,0.00254233775755676
"free",0.00183935213439007,0.00238642248871379,0.00278929097007285,0.00271959555055304,0.00218981405165699,0.00316772649811061,0.00249785618676189
"female",0.00209244589950681,0.00199829258314198,0.00242366012916391,0.00259320509837705,0.00253525519818221,0.00365848874864343,0.00249581306999309
"feminist",0.00338172731051816,0.0019870595774971,0.00180226264260478,0.00307172815363042,0.0021785013591392,0.00232262169901368,0.00246954442582289
"try",0.0022727411891733,0.00218688883581129,0.00281518253201282,0.00241745320094824,0.00266939140946452,0.00237056472526467,0.00244356765547681
"guy",0.00229893503314372,0.00252210537268748,0.00264198897579279,0.00243663185165156,0.00211022117929971,0.00257061789843924,0.00243492819028305
"tweet",0.00255475023659505,0.00214875573770104,0.00203948533173039,0.00203105054989279,0.00254212361863944,0.0035700120729257,0.0024255298531466
"making",0.00203801713281504,0.0026908960627724,0.00189463253925546,0.00241713879683835,0.00244919793010049,0.00314811344191702,0.00242150199437384
"interview",0.00353718947538153,0.00294866398178125,0.00221862694947717,0.00135885456294685,0.00277524588945237,0.0015367919141907,0.00241852488136788
"men",0.00306672082328952,0.00279021948110608,0.00213360465824188,0.00173142343316712,0.00202618403488188,0.00275977492928404,0.00241706551224732
"says",0.00261394152037235,0.0017671291511868,0.00226481189780251,0.00249008055033295,0.00264999822229118,0.00288529848892298,0.00240702505269782
"side",0.00334464771320939,0.00307813915210909,0.00221127934406177,0.00204456992661808,0.00139913764961036,0.00151674301230392,0.0023356327153197
"follow",0.000916784538964534,0.00574509117653319,0.00196845847938157,0.00165628085090328,0.00134015003862476,0.00150715440705373,0.00232325726517729
"point",0.00255679131534599,0.00207012469818687,0.00227285927516222,0.00217599084455232,0.00212112984708472,0.00278374644240953,0.00231006456832737
"report",0.00397432050787482,0.0020550488221898,0.00237677540889424,0.0024055058447724,0.00140964229266259,0.00128574479491281,0.00230685395626212
"emails",0.00252753585324916,0.00523310260345598,0.00226446201183034,0.00111424816545202,0.00111430021300184,0.000665100527809134,0.0023018921012522
"thought",0.00185466022502213,0.00239233459694793,0.00235858133834183,0.00231621507756349,0.00227829546813538,0.00267565671049822,0.00230177535172255
"fight",0.00198222764695597,0.00297231241471784,0.00296073509643207,0.00229829404329973,0.00147065002731207,0.00175776568063843,0.00229570437618099
"world",0.00199651519821256,0.00225635610756253,0.0022000829929526,0.00217284680345341,0.00266090689007618,0.00245729801820963,0.00227223772072228
"care",0.00191929438546861,0.00243194572211672,0.00207202472714142,0.00225647829668429,0.00223950909378869,0.00274190525586321,0.00226505762464909
"feel",0.00252175279678816,0.00279967885428072,0.00228650482807653,0.00179996352912325,0.00191103698604014,0.00211559499474806,0.00226073789205222
"using",0.00258978875515287,0.00255639560044554,0.00190687854828112,0.00204079707729939,0.00208274749747081,0.00208029149359961,0.00222582978268826
"spread",0.0020591082799081,0.00245293370634795,0.00294184125393534,0.00202256163892574,0.00184154473200231,0.0018963646110731,0.00222413691450841
"sarkeesian",0.00279559752920614,0.00133258919597693,0.00205103156881172,0.00330061434563073,0.00241081558048658,0.00130230693125406,0.00222063442861905
"best",0.00176417240039706,0.00221083287415959,0.00272176297744565,0.00248693650923405,0.00214739145471529,0.00184493481927658,0.0022125203363087
"post",0.00206761277470369,0.0022232483014513,0.00207482381491872,0.00217158918701385,0.00257565767146002,0.00219927736784069,0.00220989347189168
"truth",0.00242548191570209,0.00196873204197124,0.00221267888795042,0.00213763354314568,0.00280756786807461,0.00172725648211507,0.00220802547941735
"gets",0.00182948692042718,0.0019391715008005,0.00226936041544061,0.00226685363231068,0.00240919948155546,0.00261115154790598,0.00219419066015438
"play",0.00181281811062783,0.00214432165652543,0.00222492489697608,0.00188705346756293,0.00242738059453047,0.00288006834060469,0.00219255616673934
"long",0.00239554609402161,0.0022152669553352,0.00233129023251322,0.00238789921461853,0.0018896236752029,0.00177519950836606,0.00219162217050218
"brianna",0.00217851138683817,0.000897458029943646,0.00227355904710655,0.00180310757022216,0.0040184299922104,0.00237317979942381,0.0021636022833873
"life",0.00195535344340191,0.00166041559756043,0.00198175414632371,0.0020804119951456,0.00216112829562975,0.00347848447735564,0.00215846530408291
"censorship",0.000763023273060278,0.00204884110854394,0.00418078748135982,0.00173299545371657,0.00114460206796019,0.00303828032723295,0.00212711805537313
"click",0.000371476332671343,0.00230897387084645,0.00381445686850655,0.00301513541385013,0.0018435648556662,0.00108002562772676,0.00212694293107867
"lot",0.00236629063192478,0.00208490496877224,0.00215634724643239,0.00193232765938716,0.00183790850940731,0.00223196579483,0.00210079103643811
"justice",0.00127941619704846,0.00184605579611267,0.00282602899714983,0.00230583974193711,0.00189972429352235,0.00246122062944835,0.00208783183864748
"based",0.00254386448325669,0.00192232199233318,0.0025944044835788,0.00210556432393684,0.00189608807092735,0.00116763061205811,0.00207026103443586
"makes",0.00190670773317114,0.00211328308829615,0.00211156184199569,0.00181442611817822,0.00244677378170382,0.00204498799245115,0.0020610961963587
"corrupt",0.00199073214175156,0.00164415729991652,0.00187678835467521,0.00278216196842125,0.00234253540064709,0.00168367191279599,0.00205992870106225
"called",0.00252515459470639,0.00194064952785904,0.00192402296091704,0.00207097987184888,0.00185204937505454,0.00198091867555211,0.00205496684605232
"movement",0.00359433968040789,0.00240622805129818,0.00177882028246994,0.0014003559054524,0.00122419494031747,0.001692824672353,0.0020523399816353
"talking",0.0022380428504073,0.00222502193392155,0.00170114559665005,0.00167923235092529,0.00173003390575557,0.00262204769023575,0.00202017548621801
"tag",0.00228736892022172,0.00172071910154874,0.00164691327096499,0.00208764328967308,0.0022815276659976,0.0022084301273977,0.00202011711145319
"supporters",0.00242446137632662,0.00227379682685327,0.00201394365576259,0.00188705346756293,0.0019724487454224,0.00136027440844843,0.0020185993675678
"months",0.00137976923563642,0.00149162490747551,0.00172143898303543,0.00233036326250857,0.00286493938012909,0.00259371772017835,0.00201252839202624
"money",0.00157605297551862,0.00169027174414287,0.00251043185026,0.0024155667762889,0.00199790230358742,0.00187064971517484,0.00201077714908156
"pretty",0.00160768969615821,0.00260960457455287,0.00181625808149124,0.00214706566644239,0.00184881717719232,0.00178130134807073,0.00199857682323362
"wants",0.00194480786985538,0.00165095622438579,0.00207307438505791,0.00168583483723299,0.00259747500703003,0.00221845457834108,0.0019910464785715
"away",0.00225573219958212,0.00195306495515075,0.00238517267222612,0.00158585433028781,0.00190942088710903,0.00180570870688941,0.00198287401149633
"yes",0.00179580912103665,0.00214550407817226,0.00217209211517966,0.00192541076896957,0.00227061899821259,0.00149015642501929,0.00197937152560697
"dev",0.000757920576182924,0.00175057524813118,0.00213325477226972,0.00150851091925474,0.00276070099907236,0.0034375149821957,0.00197102393423732
"hashtag",0.00265340237622388,0.00165982438673701,0.00160562672624992,0.00186567398809037,0.00237970567606267,0.00169108128958024,0.00196769657264243
"list",0.00161993616866386,0.00419079792177571,0.00163326771805069,0.00133778948758418,0.00105571662674902,0.00137727239048287,0.00196343521481038
"seriously",0.00200467951321633,0.00192764288974391,0.00192997102244379,0.00179367544692544,0.00222213603027923,0.00194561517440365,0.00196133372327676
"fighting",0.00180329307645677,0.00188093723469414,0.00155349371639783,0.00353264457872993,0.00119752930795412,0.00137552900771011,0.00195321963096641
"internet",0.00181009667229324,0.00220462516051374,0.0018029624145491,0.00209581779653024,0.00189770416985846,0.00179829933010517,0.00195094301513833
"narrative",0.00192575780151326,0.00116113805718664,0.00131557125532789,0.0016490495563758,0.00364470711439071,0.00246906585192578,0.00194271217329833
"nice",0.00167708637369022,0.00343227443533454,0.00141248966961667,0.00153900811791412,0.00167023824530442,0.00153635606849751,0.00193407270810458
"looks",0.00146243292504955,0.00203731249748735,0.00159338071722426,0.0022728273103986,0.00199184193259575,0.00227772959261503,0.00193395595857493
"lies",0.00151890277049226,0.00122262398282178,0.00211366115782866,0.00252309298187146,0.00225082178630647,0.00194038502608536,0.00190827106205296
"check",0.00177777959207,0.00203021796760638,0.00166650688540605,0.00172387773452975,0.00226738680035037,0.00185408757883359,0.00188001767587879
"needs",0.00214925592474134,0.00207574120100931,0.00218573766809397,0.00171507441945281,0.00144842866700928,0.00155161066775919,0.00187890855534716
"problem",0.00157299135739221,0.00142245324113598,0.00223087295850282,0.00214958089932152,0.00186417011703788,0.00203016923888267,0.00186338086790433
"evidence",0.00296738832407704,0.0018031930114151,0.00144607872294419,0.00169275172765058,0.00149529553601153,0.00150802609844011,0.00183886346667881
"literally",0.00225233040166389,0.00141979279243061,0.00220428162461854,0.00185529865246398,0.00173932647460947,0.00150410348720139,0.00183185849490009
"guess",0.00195263200506732,0.00187798118057707,0.00182430545885096,0.00171098716602423,0.00154943485020379,0.00207898395652003,0.00183028237624988
"calling",0.00187234957419695,0.00160188572604236,0.00177812051052562,0.00152706076173828,0.00201325524343298,0.0022790371296946,0.00181393744209953
"end",0.00235710577754555,0.00209998084476932,0.00177287222094319,0.0014632367274305,0.00133812991496087,0.00172333387087636,0.00181078520479911
"send",0.00186962813586237,0.00351947803178822,0.00168470095595845,0.00127679509026542,0.00086865317547279,0.00112666111689817,0.00181037658144535
"piece",0.00255645113555416,0.00114162810001395,0.000833778271661266,0.00337418490734511,0.00150539615433098,0.00107566717079485,0.00179128803334834
"dear",0.00131037255810441,0.00144994454442476,0.00160422718236127,0.00274600549578384,0.00167589459156332,0.00190900413617563,0.00178650130263288
"start",0.00176519293977253,0.00192439123021513,0.00146077393377498,0.00186347315932114,0.00190214844191902,0.00165577778843178,0.00176922237224537
"press",0.00156006452530291,0.00128322309222179,0.00115427382216136,0.00100011947356176,0.00340673654678445,0.00281643486939884,0.00176881374889161
"reason",0.00149475000527279,0.00159183514204431,0.00201464342770691,0.00186567398809037,0.00169447972927111,0.0019621773107449,0.00176099153040537
"big",0.00194140607193714,0.00164770456485701,0.00165251144651958,0.00180593720721117,0.00145448903800095,0.00196304900213129,0.00174260347948623
"forget",0.00144236231733196,0.00192764288974391,0.00174418157122594,0.00242154045437682,0.00120197358001467,0.00148449043100781,0.00174126085989531
"rape",0.00171314543162352,0.0016834728196736,0.00210071537685868,0.00134816482321057,0.00205042551884856,0.00152458823478136,0.00172765953969163
"mean",0.00180499397541589,0.00161282312627554,0.00186209314384442,0.00166602737830989,0.00164882493446719,0.00171766787686487,0.0017165099596105
"true",0.00171076417308076,0.001691158560378,0.00148631560974278,0.00180247876200238,0.00220476296676977,0.0013903477612786,0.00171493384096029
"apparently",0.00203801713281504,0.00212865456970494,0.00154964497070405,0.0012708214121775,0.00147630637357096,0.00161393660188547,0.00169403567515377
"yeah",0.00171586686995811,0.00152473271358673,0.00174103259747648,0.00200967107042023,0.00167023824530442,0.00137814408186926,0.00168504596137108
"friends",0.00141446757440242,0.00175057524813118,0.00173858339567135,0.00160817702209003,0.00197487289381907,0.00165403440565902,0.00168393684083945
"fun",0.00138555229209742,0.00163588034838871,0.00192017421522326,0.00170186944683741,0.0016136747827155,0.00187805909195908,0.00168183534930584
"wow",0.00175736880456059,0.00198942442079076,0.00168190186818116,0.00116832567235319,0.00191992553016125,0.00154681636513409,0.00167652324570697
"hard",0.00181417882979512,0.00165479909473799,0.00151675568932085,0.00152140148776025,0.0019393187173346,0.00160565553371484,0.0016688761515152
"job",0.0014270542266999,0.00150433594017892,0.00157063812903375,0.00183580559765077,0.00195426763244739,0.00176299582895672,0.00166333054885705
"important",0.0015151607927822,0.00191197580292342,0.00215704701837671,0.00161163546729883,0.0012217707919208,0.00136332532830077,0.00165580020419493
"ppl",0.00119879358638628,0.00190813293257122,0.00199504981326586,0.00169903980984839,0.00124520422642192,0.00178522395930945,0.00164984597818302
"proof",0.00168218907056758,0.00158680985004529,0.00158708276972535,0.00170501348793631,0.00198982180893186,0.00110225375807949,0.00161849872947324
"death",0.00206046899907539,0.00140442131102183,0.00186314280176091,0.00177355358389245,0.00128964694702751,0.00115891369819429,0.00161260287822615
"sorry",0.00143011584482631,0.00148837324794672,0.00161052512986018,0.0018980576114091,0.00167589459156332,0.00156468603855491,0.00161213588010757
"misogyny",0.00324871701191514,0.00146768086912721,0.00151325682959923,0.00112933956272676,0.0012015695552819,0.000923992869564459,0.00160682377650871
"actual",0.00120967933972463,0.00163824519168237,0.00153145090015164,0.00186724600863982,0.00190538063978124,0.00140647405192666,0.00159695844125368
"seen",0.00196181685944655,0.00131189681715741,0.00170674377220464,0.00185058259081563,0.00143630792502594,0.00110007452961354,0.00157892063892348
"anti-gg",0.00174784377038953,0.00234267288778109,0.00177147267705455,0.00101646848727607,0.00137489616564368,0.000973679278588209,0.0015758851511527
"stupid",0.00112361385239327,0.00139407512161207,0.001716190693453,0.00176569348114519,0.00195790385504239,0.00156076342731619,0.00157419228297284
"speak",0.00176893491748259,0.00154601630322967,0.00158393379597589,0.00102558620646289,0.0014904472392182,0.00214871926743056,0.00156666193831072
"year",0.000756900036807453,0.000738126713033361,0.00284632238353521,0.00275543761908056,0.00112116863345907,0.0010403636696464,0.00156345132624547
"stay",0.00227376172854877,0.00173224771260532,0.00147861811835523,0.00138715093283699,0.00106339309667181,0.00122036794093419,0.00155358599099044
"info",0.001295744827056,0.00164563532697506,0.00136630472129133,0.00201973200193673,0.00152317324257322,0.00133891796948208,0.00154967488174732
"agree",0.00175158574809959,0.0017792489730668,0.00166615699943388,0.00128119674780389,0.00142701535617204,0.00131015215373149,0.00154944138268803
"speech",0.000950462338355067,0.00162228249945017,0.00217664063281776,0.0015361784809251,0.000862592804481119,0.00217574170040839,0.00154786526403782
"stand",0.00188935856378813,0.00232818822260743,0.00126028927172634,0.00110104319283662,0.00118460051650522,0.00131843322190212,0.00154640589491725
"understand",0.00189854341816737,0.00132283421739058,0.0017819692562194,0.00141576170683703,0.00126944571038861,0.00158081232920297,0.00154231966137966
"having",0.00148454461151808,0.00160011209357212,0.00187748812661953,0.00141481849450736,0.00132924137083976,0.00150061672165587,0.00153969279696264
"block",0.00054054568920766,0.00242928527341136,0.00127078585089119,0.000944784350221026,0.00126459741359527,0.00295982810245861,0.00153905067454959
"hope",0.00127431350017111,0.00167726510602775,0.00179526492316154,0.00152926159050751,0.00141327851525759,0.00147751689991675,0.00153543143913059
"ask",0.00188391568711896,0.00180467103847364,0.00116442051535405,0.00152768956995806,0.00161892710424161,0.00107087286816975,0.00153490606624719
"god",0.00126206702766546,0.00111058953178468,0.00222877364266985,0.0016091202344197,0.00170134814972833,0.00131974075898169,0.00152906858976492
"sexist",0.00171790794870905,0.00190281203516049,0.000963935853305408,0.00100074828178154,0.00217971343333754,0.00146400568342784,0.00152819296829258
"story",0.00190500683421202,0.0014073773651389,0.00141074023975586,0.00191063377580472,0.00145812526059595,0.000889561059802388,0.00152474885716804
"8chan",0.000852830738101702,0.000761183935146537,0.00231519547779379,0.00341600065396055,0.000636338954125416,0.000776241179572784,0.00151307390420351
"attack",0.00202781173906033,0.00117237106283152,0.00131382182546708,0.00183580559765077,0.00136398749785867,0.00129228248031067,0.00150968816784379
"feminists",0.00146039184629861,0.0012873615679857,0.00177042301913806,0.00153932252202401,0.00157367633417047,0.00146531322050741,0.00150962979307897
"funny",0.00139337642730936,0.00133791009338766,0.00132081954491031,0.00173330985782646,0.00138216861083368,0.00195999808227895,0.00150770342583982
"wait",0.00142399260857348,0.00133672767174083,0.00163816612166095,0.00146355113154039,0.00145408501326817,0.00180004271287793,0.0015045511885394
"gonna",0.00163966659658963,0.00137042668867547,0.00206187803394874,0.0012840263847929,0.00133934198915921,0.00126482420163965,0.00149731271770139
"far",0.00179989127853853,0.00163381111050676,0.00135475848421,0.001303833843716,0.00167549056683054,0.00115150432141005,0.00149591172334564
"account",0.00175056520872411,0.00184782942858291,0.00118261458590645,0.00110292961749596,0.00101814232660067,0.00207898395652003,0.00149293461033969
"supporting",0.00173661783725935,0.0014194971870189,0.00147127051293983,0.00189365595387063,0.00115147048841742,0.00110399714085225,0.0014896072487448
"charity",0.00129948680476605,0.000768574070439222,0.00304610727363952,0.00163867422074941,0.00128479865023417,0.000832029428301204,0.00148429514514593
"dont",0.00158081549260415,0.00144373683077891,0.00191807489939029,0.00118373147373782,0.001019354400799,0.00169413220943257,0.00147034357635332
"listen",0.00165871666493175,0.00145822149595257,0.00151255705765491,0.00139123818626557,0.00154135435554823,0.00116022123527386,0.00146135386257063
"little",0.00110898612134485,0.00155163280605211,0.00157623630458833,0.00157076293301306,0.00131267635679586,0.00160173292247613,0.00145551638608836
"words",0.00144474357587472,0.00129179564916131,0.00167210506096063,0.00144625890549641,0.00113207730124407,0.00176953351435458,0.00145107990396184
"thinks",0.00121138023868375,0.00126962524328325,0.0015345998739011,0.00155787236450755,0.00164034041507885,0.00155945589023662,0.00144973728437092
"left",0.00152298492799414,0.00146295118253989,0.00150311013640655,0.00137551798077104,0.00155913144379046,0.0012295207004912,0.0014463515480112
"feminism",0.00211659866472628,0.00169766187943556,0.00137715118642834,0.00114537417233118,0.000959154715615071,0.00117373245176278,0.00143666133705064
"stuff",0.0014372596204546,0.00140649054890378,0.00163046863027339,0.00121517188472688,0.00150822432746043,0.00145964722649593,0.00143543546698936
"idea",0.00142671404690807,0.0017591478050707,0.00150241036446222,0.00141513289861725,0.00117369184872021,0.00119073043379722,0.00143467659504667
"tim",3.23170802232396e-05,8.42475423366071e-05,0.000195236372466213,0.000309688048242167,0.0002723126698924,0.00956289035429896,0.00143239997921858
"attention",0.00115082823573915,0.00149369414535746,0.00173473464997757,0.00130194741905666,0.00157973670516214,0.00125654313346903,0.00142014127860582
"online",0.00105251627590214,0.0012755373515174,0.0013803001601778,0.00139878388490294,0.00144842866700928,0.00214392496480546,0.00141891540854455
"used",0.00150903755652938,0.00129741215198375,0.00126028927172634,0.00158428230973835,0.0014682258789154,0.00133412366685699,0.00141039269288044
"years",0.00133928784040941,0.00159508680157309,0.00146497256544092,0.00160377536455157,0.00120480175314412,0.00110051037530673,0.00140846632564129
"comments",0.000753838418681041,0.000968107723341713,0.000852672114157996,0.00317139425646572,0.00174013452407503,0.000770139339868113,0.00140618970981321
"change",0.00167606583431475,0.00101333535133294,0.00143488237183502,0.00134502078211166,0.00150822432746043,0.00156686526702086,0.00140461359116299
"ok",0.00165497468722169,0.00139171027831841,0.00114552667285732,0.00156887650835372,0.00138014848716979,0.00118375690270617,0.00139918473803449
"culture",0.00122022491327116,0.00155281522769894,0.00185264622259606,0.00126516213819947,0.00110177544628572,0.00132845767284551,0.00139714162126569
"minorities",0.00102700279151537,0.000864645829244125,0.000973382774553773,0.00165313680980438,0.000770879190140504,0.00349984091632199,0.00139644112408782
"coming",0.00176009024289517,0.0014594039175994,0.00138729787962103,0.00101018040507826,0.0014516608648715,0.00130230693125406,0.00139340563631704
"kotaku",0.00102530189255625,0.000977271491104642,0.000938394177337606,0.00165533763857361,0.00318331086955819,0.000748782900901765,0.00139305538772811
"joke",0.0014012005625213,0.00126844282163642,0.00124034577131313,0.000863668089869271,0.000923600539130603,0.00298336376989091,0.0013912457700186
"maybe",0.00133078334561382,0.00146856768536233,0.00143383271391853,0.00111330495312235,0.00169407570453833,0.00133978966086847,0.00138850215607194
"sites",0.00154849841238091,0.00113601159719151,0.00127323505269633,0.00161729474127686,0.00164640078607052,0.00110051037530673,0.00138803515795336
"journos",0.00165395414784622,0.00136510579126474,0.00100347296815968,0.00135916896705674,0.00186255401810677,0.00102554491607791,0.00137962919181889
"fact",0.00158557800968968,0.00138816301337792,0.00144397940711122,0.00126013167244122,0.00135065468167699,0.00120075488474061,0.0013770607021667
"wonder",0.00114164338135992,0.00124449878328813,0.00138065004614996,0.00146512315208984,0.00156599986424769,0.00151674301230392,0.00137344146674769
"kind",0.00149236874673002,0.00141861037078378,0.00127918311422307,0.00128811363822148,0.00123308348443858,0.00151238455537202,0.00136953035750457
"doxxing",0.00217647030808723,0.00117710074941884,0.00168050232429251,0.00160880583030981,0.000760778571821053,0.000471149194339236,0.00135803052883451
"email",0.00172301064558641,0.00220787682004252,0.00218993629975991,0.000751425822638353,0.000310695019506314,0.000566163555454827,0.00135727165689181
"journalist",0.00155428146884191,0.00120547886894275,0.000775347314310266,0.00137331715200181,0.00187952305688345,0.00141475512009728,0.00135014993558345
"win",0.00111238791926309,0.00199326729114295,0.00140619172211776,0.00125950286422144,0.00107147359132737,0.00103382598424854,0.00134623882634033
"pro",0.00171382579120717,0.00141092463007939,0.00155629280417512,0.0013204972615402,0.00101652622766955,0.000836823730926303,0.00133649024061494
"steam",0.000357188781414753,0.000836563315131923,0.00240371662875069,0.001025271802353,0.00271666230319955,0.000916147647087025,0.00133310450425523
"ethical",0.00129268320892958,0.00128854398963253,0.00101431943329669,0.00167703152215606,0.00125247667161193,0.00145049446693892,0.00133211213325324
"watch",0.00192439708234596,0.0012353350155252,0.00110424012814224,0.00120228131622137,0.00145206488960428,0.0010495164292034,0.0013319953837236
"okay",0.0011933507097171,0.00165272985685604,0.00125399132422743,0.00136734347391389,0.00117328782398743,0.00119465304503594,0.0013237645418836
"happy",0.000863376311648232,0.00126193950257886,0.00145727507405337,0.00144877413837554,0.00112722900445074,0.00184798573912892,0.00131985343264048
"live",0.00171926866787635,0.00127908461645789,0.00142998396822476,0.00109884236406738,0.00106096894827514,0.00131145969081107,0.00131915293546261
"harassing",0.00123179102619316,0.00108191580684906,0.00136315574754188,0.00115103344630921,0.0018896236752029,0.00132279167883403,0.00131635094675112
"randi",2.38125854276502e-06,0.00107009159038076,0.000822581920552092,0.000980312014638655,0.0013874209323598,0.00435802108621464,0.00131512507668985
"heard",0.00116919794449763,0.00165627712179652,0.00101257000343588,0.00138463569995787,0.00137489616564368,0.00120467749597932,0.0013137240823341
"comment",0.000880725481031235,0.00078926644925874,0.00124034577131313,0.00241430915984934,0.00151549677265043,0.000971500050122255,0.00131127234221155
"racist",0.000748735721803688,0.00103402773015246,0.00149121401335305,0.00142487942602386,0.001192276986428,0.00218489445996539,0.00131092209362262
"face",0.00146719544213508,0.000997372659100745,0.000888360483318487,0.00125635882312254,0.00139913764961036,0.00206721612280388,0.00130922922544276
"instead",0.00149747144360738,0.00116705016542079,0.00158918208555832,0.00120699737786972,0.00112440083132129,0.0012391093057414,0.00130508461714035
"cause",0.00173389639892476,0.00111857087790078,0.0011630209714654,0.00119159157648509,0.00141772278731815,0.00115934954388748,0.00129381828752957
"trolls",0.00266564884872953,0.00108250701767247,0.000851972342213673,0.000958303726946319,0.00115106646368464,0.000875613997620283,0.00127484648896221
"finally",0.00121001951951645,0.00112211814284126,0.00110773898786386,0.00121171343951808,0.00161327075798272,0.00151282040106521,0.00127472973943256
"means",0.00148454461151808,0.0014073773651389,0.00107659913634147,0.00113562764492457,0.0011389457217013,0.00135548010582333,0.00126924251153923
"started",0.00129234302913776,0.00134796067738571,0.00141878761711558,0.00128874244644126,0.00116359123040076,0.000995471563247748,0.00126538977706094
"site",0.00132874226686288,0.00091282951135243,0.00123824645548016,0.00179870591268369,0.00105531260201625,0.00122385470647972,0.00126521465276647
"wikipedia",0.00056912079172084,0.000859620537245099,0.0017070936581768,0.00268406788613541,0.000865420977610565,0.000662049607956799,0.00126428065652931
"freedom",0.00116341488803663,0.00104319149791539,0.00174383168525378,0.00109129666543001,0.000326451984084658,0.00234572152075279,0.00126054467158065
"series",0.00140528272002319,0.00147802705853697,0.00171024263192626,0.00128182555602367,0.00107106956659459,0.000365674536587067,0.00126007767346207
"response",0.00124369731890699,0.00109521805037589,0.00118121504201781,0.00130760669303469,0.00146256953265651,0.00131494645635659,0.00125698381092647
"goes",0.00116035326991021,0.00123060532893788,0.00100207342427103,0.00124692669982582,0.00165165310759663,0.00132061245036807,0.00125634168851342
"told",0.00169069356536317,0.00105619813603052,0.000982479809829976,0.00105796982978161,0.00138095653663535,0.00145093031263212,0.00125289757738889
"bullying",0.00414236932503567,0.00107659490943833,0.000442255868812354,0.000334211568813628,0.000734920988923258,0.000650717619933839,0.00125260570356477
"male",0.00118212477658692,0.000984957231809034,0.00138974708142616,0.00129094327521049,0.00114662219162408,0.00160652722510123,0.00124974534008846
"articles",0.00153863319841803,0.000960421982637321,0.00117771618229619,0.00139469663147437,0.00135186675587533,0.00106084841722637,0.00124653472802321
"vs",0.00173967945538576,0.000773599362438248,0.00114517678688515,0.00156447485081525,0.00123187141024025,0.00101116200820262,0.0012462428541991
"retweet",0.00067661760593709,0.00166544088955945,0.00186489223162171,0.00125038514503462,0.00127591010611306,0.000547858036340814,0.00124600935513981
"boost",0.00175634826518512,0.00200656953466979,0.0014569251880812,0.000771862089781238,0.000577351343139822,0.000558318332977393,0.00124221499542634
"blocked",0.00039494873830717,0.00107363885532125,0.00154054793542784,0.0015097685356943,0.0010763218881207,0.00197133007030191,0.00123666939276818
"zoe",0.00118892837242339,0.000835085288073386,0.00103286338982126,0.00217410441989298,0.0010524844288868,0.00104210705241916,0.00123655264323854
"happened",0.00123621336348687,0.00107659490943833,0.00105140734634583,0.00127302224094673,0.00135550297847033,0.00151456378383797,0.00123521002364762
"telling",0.00127091170225287,0.00137249592655743,0.00135370882629351,0.00088096031591325,0.00124964849848248,0.0013049220054132,0.0012338674040567
"old",0.000987541935663837,0.00100121552945294,0.00114167792716354,0.00139092378215568,0.00140358192167092,0.00159693861985103,0.0012325831592306
"matter",0.00171042399328893,0.0015554756764043,0.00102761510023883,0.000972451911891392,0.000991476694237314,0.000965398210417584,0.00122522793886294
"diversity",0.000452439123125354,0.000869671121243151,0.000689275365158495,0.0031786255509932,0.000778959684796064,0.00116501553789896,0.00122312644732933
":)",0.00102224027442984,0.00171628502037312,0.000887310825402002,0.000952644452968289,0.00134378626121977,0.00136594040245991,0.0012163549746099
"issues",0.000959647192734304,0.000992347367101719,0.00127288516672416,0.00116832567235319,0.00158175682882603,0.00145223784971169,0.00121296923825018
"community",0.000903517527083414,0.00152975800558576,0.00137155301087376,0.000895737309078104,0.000903803327224479,0.0016976189749781,0.00121022562430352
"black",0.00162367814637392,0.0011714842465964,0.00067143118057825,0.00124283944639724,0.00125368874581026,0.00131407476497021,0.00120987537571458
"false",0.00144134177795649,0.00129652533574863,0.00122530067451018,0.00123780898063899,0.00115349061208131,0.000777984562345547,0.00120847438135884
"art",0.000642259446962909,0.0014112202354911,0.00133971338740704,0.000993516987254057,0.00117086367559077,0.00179742763871879,0.00120678151317898
"awesome",0.0011875676532561,0.00154424267075942,0.00123159862200909,0.000759914733605398,0.0012880308480964,0.00120642087875209,0.00120298715346551
"ignore",0.00120083466513722,0.00181324359541315,0.00103531259162639,0.000891964459759418,0.00119874138215245,0.000929223017882749,0.00120012678998919
"facts",0.00139371660710119,0.00106151903344125,0.00134986008059973,0.00115260546685866,0.00128075840290639,0.000928787172189558,0.00119744155080735
"chu",0.000180975649250142,0.00234888060142695,0.00151500625946004,0.000891650055649527,0.000984608273780088,0.000937939931746564,0.00118109661665701
"leave",0.00122328653139757,0.00120459205270763,0.00125679041200473,0.000980940822858436,0.00111551228720017,0.00133543120393656,0.00117963724753644
"developers",0.000914063100629945,0.00144107638207354,0.000557368353653544,0.000709924480132804,0.00203022428220966,0.00161873090451057,0.00117636826070637
"stream",0.0017791403112373,0.00148127871806575,0.00100312308218752,0.000874672233715439,0.00100319341148788,0.000767088420015778,0.00117525914017474
"war",0.00157809405426956,0.00108605428261296,0.00165985905193497,0.000714954945891053,0.000944205800502284,0.00106738610262423,0.00117432514393758
"harassed",0.00123927498161328,0.00125070649693398,0.00103216361787693,0.00150536687815583,0.00110460361941517,0.000769267648481732,0.00117397489534864
"word",0.00108245209758261,0.00112507419695834,0.00124734349075636,0.00117932981619936,0.0012512645974136,0.00114540248170538,0.00116918816463318
"ben",0.0003997112553927,0.000613085623881133,0.000510133747411719,0.00152894718639762,0.00143267170243094,0.0030025409803913,0.00116778717027744
"looking",0.00151277953423944,0.00110172136943345,0.000945741782753001,0.00112242267230917,0.00127308193298361,0.00101726384790729,0.00116352581244538
"holy",0.00102530189255625,0.00106831795791052,0.00117071846285296,0.00132238368619955,0.00147792247250208,0.000900457202132157,0.00116189131903035
"issue",0.00134030837978488,0.00132135619033205,0.000864918123183654,0.00112902515861687,0.00119672125848856,0.00106477102846508,0.00116037357514496
"hit",0.00131003237831259,0.000794587346669473,0.000739309059177614,0.00203922505674994,0.00124075995436137,0.000717837856685219,0.00115908933031886
"followers",0.000684441741149032,0.00171598941496142,0.000950990072335426,0.000991630562594714,0.000926024687527272,0.00166013624536369,0.00115523659584056
"message",0.00132329939019371,0.00137515637526279,0.0011346802077203,0.00107714848048494,0.00067270118007544,0.00122254716940015,0.00114887374647489
"igda",0.000132329939019371,0.00112507419695834,0.000313497831056859,0.00259603473536606,0.000554725958104251,0.00211472330336168,0.00114256927187405
"polygon",0.000434069414366881,0.00106536190379345,0.00157098801500591,0.00109255428186957,0.00151388067371932,0.00125044129376436,0.00113603129821391
"gone",0.00103006440964178,0.00111029392637297,0.00111543647925141,0.00129031446699071,0.00128358657603584,0.000933581474814657,0.00113217856373561
"daily",0.00102836351068267,0.00164859138109213,0.00153075112820732,0.0007432513157812,0.000909459673483372,0.000672509904593378,0.00111688437535207
"kuchera",0.000238806213860149,0.000507850097313302,0.000565765616985424,0.0015361784809251,0.00119995345635078,0.00315072851607617,0.00111624225293902
"supports",0.000829698512257698,0.00123090093434959,0.00127568425450146,0.00114505976822129,0.000703003035033793,0.00148143951115547,0.00111087177457534
"bullshit",0.000898414830206061,0.00110467742355053,0.00129562775491467,0.000989744137935371,0.00134419028595254,0.00106433518277189,0.00110900378210101
"totally",0.000738190148257157,0.000875287624065591,0.0011931111650713,0.00197508661833227,0.00086865317547279,0.000872127232074756,0.00110760278774527
"criticism",0.00104163052256379,0.000836267709720215,0.000885561395541193,0.00180876684420019,0.00119752930795412,0.000780599636504692,0.00110503429809307
"image",0.00080316448849546,0.00102102109203734,0.000816633859025344,0.00145600543290302,0.00116116708200409,0.00142695879950662,0.00110491754856343
"welcome",0.000945699821269537,0.00144373683077891,0.0011091385317525,0.00092937854883639,0.00122742713817969,0.000889996905495578,0.00110153181220371
"discussion",0.00156108506467838,0.00109374002331735,0.000868766868877433,0.000807075350088976,0.00129853549114863,0.0010024450943388,0.00110053944120173
"open",0.000883106739574,0.00132785950938961,0.00090165615026063,0.000842603014506606,0.00114136987009797,0.0016030404595557,0.00110024756737761
"leigh",0.000524217059200128,0.000619293337526989,0.000833778271661266,0.000898252541957228,0.0020185075649591,0.0020807273392928,0.00108845586488343
"troll",0.00144542393545837,0.00113009948895736,0.000757503129730021,0.000912086322792412,0.0011021794710185,0.00120293411320656,0.00108728836958698
"taking",0.0011688577647058,0.00106536190379345,0.00126168881561499,0.00084543265149562,0.00119429711009189,0.00099111310631584,0.0010837275089328
"harper",6.80359583647149e-07,0.000809958828078257,0.000574162880317305,0.000588878897824952,0.000968851309201744,0.00428610654683816,0.00107923265204145
"hatred",0.000467066854173768,0.000478880766965977,0.00404013332055083,0.000560896932044696,0.000463012343763636,0.000431051390565684,0.0010775397838616
"indie",0.000838203007053288,0.00122173716658666,0.00092894725608924,0.000682571322572329,0.00211426142662749,0.00076839595709535,0.00107520479326869
"write",0.00132806190727924,0.001139558862132,0.000904805124010085,0.000987543309166137,0.00106864541819792,0.000993292334781794,0.00107467942038529
"hit:",0.000698389112613799,0.000975793464046105,0.00135090973851622,0.00158396790562846,0.00114823829055519,0.000540448659556571,0.00107030131302359
"lying",0.00098209905899466,0.000837450131367045,0.00107205061870336,0.00121957354226534,0.0013155045299253,0.00102423737899834,0.00106644857854529
"consumer",0.00189684251920825,0.00135121233691449,0.000779196060004045,0.000970251083122159,0.000499778594446438,0.000654640231172556,0.0010623623450077
"mad",0.00103210548839273,0.000780102681495811,0.00108884514536712,0.00121297105595764,0.000987436446909534,0.00132104829606126,0.00105763398905707
"claim",0.0010446921406902,0.00111502361296029,0.000922999194562492,0.00123120649433129,0.000946225924166174,0.00103295429286216,0.00105710861617366
"opposition",0.000830378871841346,0.00100091992404123,0.000835527701522074,0.00192572517307946,0.000950670196226732,0.000613670736012622,0.00105664161805508
"damn",0.000748395542011864,0.00082326107160509,0.00157448687472753,0.000977482377649641,0.00116803550246132,0.0011301478824437,0.00105529899846416
"mind",0.00109197713175367,0.0011756227223603,0.0011584724538273,0.000742308103451528,0.000970063383400078,0.00121949624954781,0.00105413150316771
"angry",0.00124029552098875,0.00121434703129397,0.000808586481665625,0.000890706843319856,0.000953498369356179,0.00121600948400228,0.00105354775551948
"kill",0.00110116198613291,0.00107718612026174,0.0013428623611565,0.000985656884506794,0.000972487531796746,0.00076272996308387,0.00105138788922104
")",0.000838203007053288,0.00110852029390272,0.000980380493997006,0.00131358037112261,0.00094501384996784,0.00105518242321489,0.00104806052762615
"opinion",0.000953183776689656,0.00122558003693885,0.000947841098585971,0.00103281750099037,0.00101612220293677,0.00107523132510166,0.00104630928468147
"sides",0.0016696024182701,0.000949484582404147,0.000779895831948368,0.000900453370726462,0.0011462181668913,0.000784086402050218,0.00104193117731977
"gender",0.000950802518146891,0.0012433163616413,0.0009831795817743,0.00117964422030925,0.000946225924166174,0.000842053879244592,0.0010412306801419
"days",0.000727304394918803,0.000926722965702678,0.00121270477951236,0.001217687117606,0.00128681877389806,0.000862102781131368,0.00103761144472289
"developer",0.000757580396391101,0.00161252752086383,0.000689625251130657,0.00077940778841861,0.000857744507687783,0.00151979393215626,0.00103568507748374
"ones",0.00115967291032657,0.00122587564235056,0.000835877587494236,0.00103627594619917,0.000880773917456131,0.000949271919769525,0.0010273374861141
"public",0.00089739429083059,0.00134204856915157,0.00105735540787257,0.00103784796674862,0.000703811084499349,0.00102292984191877,0.0010268121132307
"patrol",0.00255202879826046,0.00129918578445399,0.000557718239625706,0.000521910822418271,0.00036321823476746,0.000667279756275088,0.00102628674034729
"boycott",0.000652124660925793,0.00235863558001329,0.000643790188777477,0.00108752381611132,0.00044563928025418,0.000521707294749367,0.00102126651057255
"campaign",0.000970532946072658,0.000878243678182665,0.00118996219132185,0.000970251083122159,0.00114298596902908,0.00101769969360048,0.00102009901527609
"focus",0.0010072723635896,0.00171007730672727,0.000792491726946188,0.000871213788506643,0.000856532433489448,0.000671202367513805,0.00101817264803694
"folks",0.00141446757440242,0.000997077053689037,0.000910403299564672,0.000931264973495734,0.000849664013032222,0.000975422661360972,0.00101782239944801
"behind",0.0010433314215229,0.000698219982452863,0.00105385654815096,0.00107714848048494,0.00115106646368464,0.00117547583453554,0.00101647977985709
"hear",0.00119437124909257,0.00102161230286075,0.000755053927924889,0.000758971521275726,0.0014112583915937,0.00103251844716896,0.00101577928267921
"neutral",0.00134473071707859,0.00119040299294567,0.000852322228185834,0.000765888411693318,0.00063553090465986,0.00128923156045834,0.00101472853691241
"abuse",0.000769826868896749,0.00110999832096126,0.00106330346939932,0.000878130678924235,0.000837543271048881,0.00144831523847297,0.0010067311941317
"sent",0.00148590533068537,0.00109019275837687,0.0011255831724441,0.000923719274858361,0.000453719774909741,0.000823748360130579,0.0010054469493056
"top",0.000701110550948387,0.000690534241748471,0.000916001475119259,0.00145946387811181,0.00121692249512746,0.00107392378802209,0.00100013484570674
"lost",0.0011817845967951,0.000827103941957286,0.00164971235874229,0.000770918877451566,0.00065411604236765,0.000864717855290513,0.000994822742107878
"supporter",0.00115967291032657,0.000839223763837289,0.0011301316900822,0.000856122391231898,0.00104561600842957,0.000962783136258439,0.00099225425245568
"probably",0.00140494254023136,0.000942094447111462,0.000954139046084881,0.000787267891165873,0.00092642871226005,0.000937504086053374,0.000991904003866744
"lie",0.0011817845967951,0.000681370473985541,0.000907604211787378,0.00108375096679264,0.00153893020715156,0.000591442605659892,0.000991553755277808
"silence",0.000574903848181841,0.00118656012259348,0.00080753682374914,0.00109727034351793,0.000869057200205568,0.00143393233059768,0.000989043640390434
"fake",0.00135629683000059,0.000770052097497759,0.00102446612648938,0.00076714602813288,0.00104197978583457,0.0010307750643962,0.00098676702456235
"schafer",5.78305646100077e-06,3.75418872868389e-05,4.96838080469575e-05,0.000243977589275047,0.000266252298900729,0.00659826794921526,0.000984198534910153
"happening",0.000796360892658988,0.000689056214689934,0.00115812256785514,0.000891650055649527,0.0012953032932864,0.00120424165028613,0.000979937177078098
"hell",0.000932432809388418,0.00100801445392221,0.00104545928481908,0.00110072878872673,0.000795120674107186,0.000947092691303571,0.000979586928489162
"buy",0.000697708753030151,0.00105265087109003,0.00114377724299651,0.000613088014286523,0.00129126304595862,0.00119203797087679,0.000978477807957531
"000",0.000949441798979597,0.00103668817885783,0.000688925479186333,0.0015927712207054,0.000778151635330508,0.000621951804183247,0.000974041325831009
"ago",0.000883787099157647,0.000952440636521221,0.000869816526793918,0.00106425791197943,0.000900167104629477,0.00119944734766103,0.000973165704358669
"power",0.00104741357902479,0.00110852029390272,0.00104196042509746,0.000805817733649414,0.000902187228293367,0.000880844145938572,0.000970422090412003
"tried",0.00071471774262133,0.000757932275617756,0.00100837137176994,0.00121925913815545,0.00113005717758018,0.00103339013855535,0.000968612472702501
"case",0.000854531637060819,0.00104999042238466,0.000950290300391103,0.000998233048902415,0.000923600539130603,0.00101072616250943,0.000966686105463353
"voice",0.000961348091693422,0.00142481808442964,0.000939093949281929,0.000903911815935258,0.000802393119297191,0.000556139104511439,0.000961257252334845
"become",0.000694987314695563,0.00119631510117982,0.000996825134688605,0.00079104074048456,0.000690478268317673,0.0014234720339611,0.000959097386036406
"igf",9.89923194206602e-05,0.00257206268726603,0.000335190761330882,0.000153114801516685,0.00215547194937085,0.000275454478096575,0.000957579642151017
"drama",0.000411277368314702,0.00182861507682193,0.000513282721161174,0.000464689274418195,0.000930872984320608,0.00163180627530629,0.000956645645913854
"shows",0.00124199641994787,0.000819418201252894,0.000665483119051501,0.000914915959781426,0.00116439927986632,0.000963654827644821,0.000953143160024494
"amazing",0.000938215865849419,0.00125425376187447,0.000900956378316307,0.000896366117297885,0.000865016952877787,0.000728298153321798,0.000947947805955277
"interesting",0.000963729350236187,0.000808185195608013,0.000961836537472438,0.00112713873395753,0.00102177854919567,0.000772754414027258,0.000945846314421661
"advertisers",0.00250134200927874,0.00144285001454379,0.000656386083775298,0.000284535719450925,0.000356349814310233,0.000129882016570853,0.000945379316303079
"trust",0.000652464840717616,0.00128174506516326,0.00087016641276608,0.00124818431626538,0.000761182596553831,0.000688636195241437,0.000944211821006626
"playing",0.000875962963945705,0.00106565750920515,0.00115427382216136,0.000858323220001132,0.000615329668020958,0.0010591050344536,0.000943452949063932
"claims",0.000936855146682124,0.000815870936312405,0.000964635625249731,0.00091145751457263,0.00101733427713511,0.0010591050344536,0.000940884459411734
"attacking",0.000943998922310419,0.000880312916064617,0.000735110427511674,0.000730360747275688,0.00129611134275196,0.00114278740754623,0.000934404860516418
"share",0.0010375483650619,0.000943572474169999,0.000661634373357723,0.000977796781759531,0.00106864541819792,0.000904815659064065,0.000931894745629044
"sexism",0.00100999380192419,0.00114576657577786,0.000569964248651365,0.000594223767693091,0.00127793022977695,0.00103295429286216,0.000927983636385925
"quinn",0.00082697707392311,0.000746403664561168,0.000759952331535153,0.00175814778250781,0.000540989117189798,0.000764473345856633,0.000923080156140821
"violence",0.000847047681640701,0.000697924377041155,0.000876114474292828,0.00131358037112261,0.000697750713507678,0.00109353684421567,0.000920511666488624
"bit",0.000948421259604126,0.00118892496588714,0.000688575593214172,0.0012010236997818,0.000654520067100428,0.000674689133059332,0.000920336542194156
"sjw's",0.000335417274738045,0.000837745736778752,0.00134496167698947,0.000991630562594714,0.000821786306470537,0.00126220912748051,0.000919285796427348
"enjoy",0.000882766559782176,0.000643532981286995,0.0011675694891035,0.00108060692569373,0.000833907048453878,0.000917891029859788,0.000917417803953022
"wanted",0.00081268952266652,0.00103225409768222,0.000925448396367624,0.00105199615169369,0.000941781652105615,0.000653332694092983,0.000916600557245505
"exactly",0.00074227230575904,0.000940616420052925,0.000841825649020984,0.000798586439121932,0.00105329247835235,0.00119552473642232,0.000914148817122953
"realize",0.000777310824316868,0.000873809597007054,0.00107659913634147,0.000908313473473725,0.000841583518376661,0.00103251844716896,0.00091409044235813
"personal",0.00100319020608772,0.000984661626397327,0.00087856367609796,0.00113971489835315,0.000634722855194304,0.000720017085151173,0.000912922947061677
"trans",0.000509589328151715,0.00063052634317187,0.000904805124010085,0.0010020058982211,0.00118742868963466,0.00143567571337044,0.000912806197532032
"harass",0.000625930816955377,0.000654174776108461,0.00070502023390577,0.00139218139859524,0.000976931803857305,0.00118593613117212,0.000912689448002386
"went",0.00108313245716626,0.000632004370230407,0.000837627017355044,0.00107086039828713,0.001026626845989,0.000858616015585842,0.000912572698472741
"seeing",0.00101611703817702,0.000954214268991465,0.00067772912807716,0.00088693399400117,0.00100763768354844,0.000943170080064854,0.000912455948943096
"leader",0.00131275381664717,0.00119838433906177,0.000887310825402002,0.000659934226660211,0.000614521618555401,0.000655511922558937,0.000909070212583381
"liked",0.000913722920838121,0.000875583229477299,0.000729512251957087,0.00120008048745213,0.000941377627372837,0.000733528301640087,0.000908486464935154
"colbert",0.00440566848390711,0.000491887405081102,4.58350623531791e-05,0.000216624431714571,3.11099044239092e-05,2.13564389663484e-05,0.000908369715405509
"signal",0.00139235588793389,0.00139850920278768,0.00118646333160023,0.000576931541649112,0.000364026284233016,0.000237971748482167,0.000904633730456858
"victim",0.000823915455796698,0.000674571549516271,0.000906554553870893,0.000889449226880294,0.00151186055005543,0.000682970201229957,0.000900897745508208
"future",0.000809287724748284,0.000913716327587552,0.000842875306937469,0.000826568404902189,0.000943801775769505,0.00110704806070459,0.000898037382031897
"watching",0.00100693218379778,0.00103284530850563,0.000684726847520393,0.000775320534990033,0.00116641940353021,0.000694738034946108,0.000896519638146508
"page",0.000655186279052205,0.000801090665727036,0.00101746840704614,0.00123875219296867,0.000997941089961763,0.000602338747989662,0.000895235393320409
"shut",0.000582727983393783,0.00129297807080814,0.000772548226532973,0.000566870610132616,0.00110419959468239,0.00107043702247656,0.000892375029844098
"episode",0.000189820323837555,0.000122971851270276,0.000166545722748956,0.000525998075846847,0.00457153985138354,0.000369161302132593,0.000892258280314453
"arthur",0.000208530212387851,0.0017751104973029,0.00088486162359687,0.000734762404814156,0.000684013872593225,0.000895662899507059,0.000889164417778852
":^)",0.00101713757755249,0.000653879170696754,0.000715166927098459,0.00129503052863907,0.000921984440199491,0.000678175898604858,0.000887471549598995
"misogynist",0.0014141273946106,0.000746699269972875,0.000704320461961447,0.00109727034351793,0.000728456593198809,0.000521271449056176,0.000886420803832187
"working",0.00145903112713131,0.000769756492086052,0.000721464874597369,0.00092309046663858,0.00065815628969543,0.000715658628219265,0.000885078184241265
"antis",0.000340519971615398,0.000577317369064539,0.00115007519049542,0.00128434078890279,0.001026626845989,0.000964962364724393,0.000880349828290629
"bgotd",0.00018267654820926,0.00195040450644538,0.0019919008395164,0.00069546189107784,4.04024732778042e-07,1.30753707957235e-06,0.000878189961992191
"reading",0.000777991183900515,0.000958352744755369,0.000809986025554272,0.000933151398155077,0.0011058156936135,0.000617593347251339,0.000873636730336023
"strong",0.00104775375881661,0.00135475960185498,0.000885911281513355,0.000694204274638278,0.00061896589061596,0.000439332458736309,0.000872294110745101
"history",0.000981078519619189,0.00080286429819728,0.000788992867224572,0.000870584980286862,0.00100682963408288,0.00079062408744808,0.000871535238802407
"cool",0.000972914204615423,0.0011114763480198,0.000765900393061901,0.000633209877319516,0.000875117571197238,0.000833772811073967,0.000869900745387372
"week",0.000990943733582073,0.000892728343356327,0.000762051647368123,0.000794499185693355,0.000814109836547754,0.000973243432895018,0.000868966749150209
"moment",0.000346303028076399,0.000898049240767061,0.000821182376663445,0.00146103589866127,0.000682397773662113,0.000919198566939361,0.000866748508086948
"fear",0.00112871654927062,0.000943276868758292,0.000586408889342963,0.000556495274506228,0.00081289776234942,0.0012386734600482,0.000864471892258864
"comes",0.000697028393446504,0.00109403562872906,0.000926148168311947,0.000558381699165572,0.000886026238982245,0.00105997672583998,0.000863829769845815
"evil",0.000705873068033917,0.000600078985766008,0.00089535820276172,0.000775949343209814,0.00149691163494264,0.000845540644790119,0.000862603899784539
"different",0.000989923194206602,0.000968994539576835,0.000632243951696142,0.000806446541869195,0.00083552314738499,0.000932273937735084,0.000862020152136312
"wish",0.000729345473669744,0.000798430217021669,0.00110354035619792,0.00104759449415523,0.000849259988299444,0.000575316315011833,0.000861202905428795
"patreon",0.000259897360953211,0.000639394505523092,0.00147162039891199,0.00144971735070521,0.000716739875948246,0.000535654356931472,0.000860852656839859
"starting",0.000710635585119447,0.000911351484293893,0.000630494521835334,0.000940697096792449,0.000843199617307773,0.00116719476636492,0.000859918660602696
"debate",0.000983119598370131,0.000575248131182587,0.00155069462862053,0.00064767246637448,0.00046422441796197,0.000958860525019722,0.000856766423302272
"night",0.0010491144779839,0.000948893371580732,0.000630144635863172,0.000878130678924235,0.000907439549819482,0.000672074058900187,0.000856708048537449
"writing",0.000693966775320092,0.000717434334213843,0.000984579125662946,0.000855807987122008,0.00106743334399959,0.000878664917472618,0.000855832427065109
"explain",0.000817792219543873,0.000700584825746522,0.000848473482492056,0.000922147254308908,0.000645631522979311,0.00127223357842389,0.000855131929887237
"disagree",0.00105421717486126,0.000983479204750497,0.000714467155154135,0.000644528425275575,0.000761990646019387,0.000954066222394623,0.000851862943057168
"im",0.00106136095048955,0.000927018571114385,0.000731961453762219,0.00092309046663858,0.000705831208163239,0.000677304207218476,0.000851395944938587
"ftc",6.02118231527727e-05,0.00135978489385401,0.00217594086087344,0.000859266432330803,0.000172114536163446,0.000185670265299273,0.000851162445879296
"giving",0.000807586825789166,0.000870262332066566,0.00105385654815096,0.000811162603517553,0.0008169380096772,0.000697353109105252,0.000848302082402985
"diverse",0.000702811449907505,0.000872331569948517,0.000701871260156315,0.000682885726682219,0.000513515435360891,0.00176299582895672,0.00084707621234171
"happen",0.000847728041224348,0.00084484026665973,0.000736509971400321,0.000926863315957266,0.00101773830186789,0.000671638213206996,0.000844274223630222
"question",0.000746014283469099,0.000831833628544605,0.000711668067376842,0.000776578151429596,0.000742597458846041,0.00133150859269784,0.000840830112505684
"reporting",0.00122736868889946,0.00106713553626369,0.000811035683470757,0.000596424596462325,0.000526848251542566,0.000700839874650779,0.000837386001381147
"critics",0.00129744572601511,0.00049100058884598,0.000527977931991964,0.00110261521338607,0.000438366835064175,0.00119596058211551,0.00083592663226058
"learn",0.000747715182428217,0.000922880095350482,0.00107240050467553,0.000987857713276028,0.000557958155966476,0.000613234890319431,0.000835634758436467
"fired",0.000514692025029068,0.00047060381543817,0.000741408375010584,0.000781294213077953,0.0012880308480964,0.00148797719655333,0.000835401259377176
"asking",0.000842965524138818,0.000771825729968004,0.000749805638342464,0.000762429966484522,0.00116116708200409,0.000749218746594956,0.000831840398722994
"banned",0.000190500683421202,0.000748177297031412,0.00139954388864669,0.00117304173400155,0.000764818819148833,0.000665100527809134,0.00083131502583959
"gems",1.49679108402373e-05,3.48814385814724e-05,3.63881411048139e-05,0.00366941036653231,0.000850472062497778,8.6297447251775e-05,0.000831256651074767
"research",0.000950462338355067,0.000676640787398223,0.000661984259329884,0.000953587665297961,0.000553513883905917,0.00121339440984314,0.000826703419418599
"came",0.000867458469150115,0.00117059743036128,0.000748755980425979,0.000576302733429331,0.000764818819148833,0.000767960111402159,0.000825302425062855
"reddit",0.000521835800657363,0.000292058146766904,0.000602853530034562,0.000835686124089014,0.000681589724196556,0.00241109837473141,0.000824368428825692
"law",0.000357528961206577,0.000253629443244943,0.000574862652261628,0.00073130395960536,0.00291948271905413,0.00043453815611121,0.000823142558764416
"doxxed",0.00191895420567678,0.000604513066941619,0.000522379756437377,0.00104570806949588,0.000270696570961288,0.000374391450450882,0.000819231449521298
"journalistic",0.00116171398907751,0.000370393580869364,0.000282707865506631,0.00246492822154171,0.000185447352345121,0.000109833114684077,0.000818822826167539
"place",0.000815751140792932,0.000894501975826572,0.000679478557937968,0.00094698517899026,0.000704619133964905,0.00082985019983525,0.000818764451402716
"intel",0.000432368515407763,0.00027107016253568,9.48190984558132e-05,0.00341788707861989,0.000173730635094558,0.000115499108695557,0.000818706076637894
"afraid",0.000749756261179158,0.000883860181005106,0.000735460313483836,0.000729731939055907,0.000947842023097286,0.000892176133961532,0.000817830455165554
"blame",0.000568440432137193,0.000609833964352352,0.000801588762222392,0.000866497726858286,0.00125894106733638,0.000897842127973012,0.000814736592629952
"winning",0.00115627111240833,0.000963673642166102,0.000804037964027523,0.00062346334991291,0.00050341481704144,0.000771011031254495,0.000814619843100307
"police",0.000857933434979055,0.00108694109884808,0.000696972856546052,0.000803931308990071,0.000448467453383626,0.000886510139950052,0.000810942232916479
"hi",0.000591232478189373,0.000708861777274329,0.000818383288886152,0.00121611509705655,0.000746233681441043,0.000739194295651568,0.000810591984327543
"bunch",0.000738870507840804,0.0006917166633953,0.000660234829469076,0.00119913727512246,0.000866229027076121,0.000646359163001931,0.000807906745145701
"fine",0.00114334428031903,0.000977567096516349,0.00058360980156567,0.00072533028151744,0.000566038650622036,0.000777984562345547,0.000807264622732651
"friend",0.000687163179483621,0.000944754895816829,0.000706069891822255,0.000718098986989958,0.000875925620662795,0.000908302424609591,0.000803820511608114
"join",0.000616745962576141,0.000955101085226587,0.00101641874912966,0.000723443856858097,0.000642803349849864,0.000836387885233112,0.000803236763959887
"toxic",0.00139949966356219,0.00068491773892603,0.000544772458655724,0.000864925706308833,0.000546241438715912,0.000727426461935416,0.000803236763959887
"hours",0.00133826730103394,0.000689943030925056,0.000690674909047142,0.000808332966528538,0.000532908622534237,0.000688200349548246,0.000800376400483577
"argument",0.000957946293775186,0.000725415680329943,0.00110144104036494,0.000696090699297621,0.00060240087657206,0.000674689133059332,0.00079804140989067
"home",0.000845346782681583,0.000524108394957208,0.00115077496243974,0.000804245713099962,0.000896934906767253,0.000585776611648412,0.000797924660361025
"continue",0.00101407595942608,0.000904848165236331,0.000660934601413399,0.00075519867195704,0.00061694576695207,0.000778420408038738,0.000796582040770103
"worth",0.000754518778264688,0.000687873793043104,0.00079074229708538,0.000996346624243072,0.000869057200205568,0.000642872397456405,0.000793896801588261
"posting",0.00066709257176603,0.000605104277765034,0.0010416105391253,0.00100766517219913,0.000762798695484943,0.000652025157013411,0.000792379057702871
"times",0.000907939864377121,0.000624614234937722,0.000784794235558631,0.000840087781627481,0.000828250702194986,0.000766216728629396,0.000788351198930107
"confirmed",0.000958626653358833,0.00147211495030282,0.000631194293779657,0.000535115795033673,0.000543817290319244,0.000366546227973448,0.00078753395222259
"mcintosh",0.00091168184208718,0.000454936728617678,0.00131067285171763,0.000950758028308946,0.00067674142740322,0.00035608593133687,0.000786950204574363
"audience",0.000557894858590662,0.00048538408602354,0.000708519093627387,0.000753941055517478,0.001365199572057,0.00102510907038472,0.000784323340157343
"lets",0.00058238780360196,0.00108014217437881,0.000771498568616488,0.000756141884286711,0.000761586621286609,0.000672509904593378,0.000782455347683018
"logic",0.000723562417208743,0.000947415344522195,0.000904805124010085,0.000710238884242695,0.00079431262464163,0.000490326404839631,0.000774516379667135
"fair",0.000975295463158188,0.000781876313966055,0.000489140589082018,0.000778464576088939,0.00075512222556216,0.000875178151927092,0.000774224505843022
"control",0.000792618914948929,0.000781580708554348,0.000740358717094099,0.000487326370330313,0.000896934906767253,0.00103731274979406,0.000772881886252101
"politics",0.000672875628227031,0.000686691371396274,0.00102411624051722,0.000674711219825066,0.000806837391357749,0.000813723909187191,0.000772765136722455
"data",0.00107666904112161,0.000489522561787443,0.00068612639140904,0.00082719721312197,0.000617753816417626,0.000981960346758833,0.000770255021835081
"deal",0.000769146509313102,0.000845135872071437,0.000823631578468577,0.000896994925517666,0.000557958155966476,0.000638078094831306,0.000768912402244159
"prove",0.000764724172019396,0.000724233258683113,0.000749105866398141,0.00069514748696795,0.000936125305846723,0.000767960111402159,0.000766402287356785
"target",0.000680699763438973,0.000822078649958261,0.00130437490421872,0.00080927617885821,0.000431498414606949,0.000405772340360619,0.000763717048174942
"sad",0.00077084740827222,0.000753793799853853,0.000837976903327206,0.000782551829517515,0.000671489105877105,0.000747475363822192,0.000763366799586006
"political",0.000691245336985504,0.0007756686003202,0.000977231520247551,0.000691689041759154,0.000572503046346485,0.000874742306233901,0.000763133300526716
"push",0.000768806329521279,0.000789562054670447,0.000846374166659086,0.000823738767913174,0.000889662461577248,0.000388774358326178,0.000762607927643312
"kids",0.000816431500376579,0.000818235779606064,0.000567165160874071,0.000658047802000868,0.000848855963566666,0.000901764739211729,0.000761907430465439
"knows",0.000488498181058653,0.000541844719659652,0.000798439788472937,0.000981884035188108,0.000907035525086704,0.000908302424609591,0.000759047066989129
"relevant",0.000427946178114057,0.000618997732115281,0.00104231031106962,0.000892278863869308,0.000785424080520513,0.000823312514437389,0.000758988692224306
"wrote",0.00112871654927062,0.000566675574243073,0.000747006550565171,0.000698605932176745,0.000815321910746088,0.000601031210910089,0.000758229820281612
"lose",0.000793979634116223,0.000877061256535836,0.000980030608024845,0.000504933000484182,0.000689266194119339,0.000665972219195516,0.000755486206334946
"members",0.000951823057522362,0.000727484918211895,0.000651137794192873,0.000944469946111136,0.000633914805728747,0.000537397739704235,0.000754552210097784
"anymore",0.000663010414264147,0.000681074868573834,0.000849873026380703,0.000896994925517666,0.000906631500353926,0.00048466041082815,0.00075250909332899
"die",0.000712336484078565,0.000852821612775829,0.000710268523488195,0.000801101672001056,0.000592300258252609,0.000812416372107619,0.0007522755942697
"exist",0.000650423761966675,0.000544209562953311,0.000698022514462537,0.000631009048550283,0.000785020055787735,0.00137857992756245,0.00075075785038431
"tech",0.000371476332671343,0.000749655324089949,0.000318746120639284,0.00129848897384787,0.000842795592574995,0.000913968418621071,0.000750232477500906
"porn",0.00010851735359172,0.000560467860597218,0.00195691224230023,0.000901396583056134,0.000408873029571378,0.000499043318703446,0.000749064982204453
"thinking",0.00059667535485855,0.000737535502209946,0.000869116754849594,0.000815878665165911,0.000671085081144327,0.000795418390073179,0.000748014236437645
"tb",0.000165327378826257,0.00050459843778452,0.00049158979088715,0.00183706321409033,0.000675529353204886,0.000736579221492423,0.000747372114024596
